Gene,Mutation,type,drug,literature,hain,E.coli-nomenclature
rrs,n.1388T>A,drug_resistance,amikacin,10.1016/j.jmoldx.2021.07.023,no,T1406A
rrs,n.1388T>C,drug_resistance,amikacin,10.1016/j.jmoldx.2021.07.023,no,T1406A
rrs,n.1388T>G,drug_resistance,amikacin,10.1016/j.jmoldx.2021.07.023,no,T1406A
rrs,n.1390A>C,drug_resistance,amikacin,10.1093/jac/dkx021,no,A1408C
rrs,n.1390A>G,drug_resistance,amikacin,10.1093/jac/dkx021,no,A1408G
rrs,n.1390A>T,drug_resistance,amikacin,10.1093/jac/dkx021,no,A1408T
rrs,n.1391C>A,drug_resistance,amikacin,10.1093/jac/dkx021,no,C1409A
rrs,n.1391C>G,drug_resistance,amikacin,10.1093/jac/dkx021,no,C1409G
rrs,n.1391C>T,drug_resistance,amikacin,10.1093/jac/dkx021,no,C1409T
rrl,n.2265A>C,drug_resistance,macrolides,10.1016/j.jmoldx.2021.07.023,no,A2057C
rrl,n.2265A>G,drug_resistance,macrolides,10.1016/j.jmoldx.2021.07.023,no,A2057G
rrl,n.2265A>T,drug_resistance,macrolides,10.1016/j.jmoldx.2021.07.023,no,A2057T
rrl,n.2266A>C,drug_resistance,macrolides,10.1093/jac/dkx021,yes,A2058C
rrl,n.2266A>G,drug_resistance,macrolides,10.1093/jac/dkx021,yes,A2058G
rrl,n.2266A>T,drug_resistance,macrolides,10.1093/jac/dkx021,yes,A2058T
rrl,n.2267A>C,drug_resistance,macrolides,10.1093/jac/dkx021,yes,A2059C
rrl,n.2267A>G,drug_resistance,macrolides,10.1093/jac/dkx021,yes,A2059G
rrl,n.2267A>T,drug_resistance,macrolides,10.1093/jac/dkx021,yes,A2059T
rrl,n.2277G>A,drug_resistance,macrolides,10.1093/jac/dkx021,no,G2069A
rrl,n.2277G>C,drug_resistance,macrolides,10.1093/jac/dkx021,no,G2069C
rrl,n.2277G>T,drug_resistance,macrolides,10.1093/jac/dkx021,no,G2069T
rrl,n.2289A>C,drug_resistance,macrolides,10.1093/jac/dkx021,no,A2082C
rrl,n.2289A>G,drug_resistance,macrolides,10.1093/jac/dkx021,no,A2082G
rrl,n.2289A>T,drug_resistance,macrolides,10.1093/jac/dkx021,no,A2082T