Gene,Mutation,Info
rpoB,p.Glu438Val,type=drug_resistance;drug=rifampicin;literature=https://doi.org/10.1016/j.idnow.2022.04.001
rpoB,p.Met440Phe,type=drug_resistance;drug=rifampicin;literature=https://doi.org/10.1016/j.idnow.2022.04.001
rpoB,p.Met440Lys,type=drug_resistance;drug=rifampicin;literature=https://doi.org/10.1016/j.idnow.2022.04.001
rpoB,p.Asp441Asn,type=drug_resistance;drug=rifampicin;literature=https://doi.org/10.1016/j.idnow.2022.04.001
rpoB,p.Asp441Tyr,type=drug_resistance;drug=rifampicin;literature=https://doi.org/10.1016/j.idnow.2022.04.001
rpoB,p.Asp441Val,type=drug_resistance;drug=rifampicin;literature=https://doi.org/10.1016/j.idnow.2022.04.001
rpoB,p.His451Leu,type=drug_resistance;drug=rifampicin;literature=https://doi.org/10.1016/j.idnow.2022.04.001
rpoB,p.His451Ser,type=drug_resistance;drug=rifampicin;literature=https://doi.org/10.1016/j.idnow.2022.04.001
rpoB,p.Ser456Leu,type=drug_resistance;drug=rifampicin;literature=https://doi.org/10.1016/j.idnow.2022.04.001
rpoB,p.Ser456Met,type=drug_resistance;drug=rifampicin;literature=https://doi.org/10.1016/j.idnow.2022.04.001
rpoB,p.Ser456Trp,type=drug_resistance;drug=rifampicin;literature=https://doi.org/10.1016/j.idnow.2022.04.001
rpoB,p.Ser456Phe,type=drug_resistance;drug=rifampicin;literature=https://doi.org/10.1016/j.idnow.2022.04.001
rpoB,p.Leu458Pro,type=drug_resistance;drug=rifampicin;literature=https://doi.org/10.1016/j.idnow.2022.04.001
rpoB,p.Leu458Val,type=drug_resistance;drug=rifampicin;literature=https://doi.org/10.1016/j.idnow.2022.04.001
folP1,p.Pro55Leu,type=drug_resistance;drug=dapsone;literature=10.1038/s41467-017-02576-z
folP1,p.Pro55Ser,type=drug_resistance;drug=dapsone;literature=10.1016/j.idnow.2022.04.001
folP1,p.Pro55Arg,type=drug_resistance;drug=dapsone;literature=10.1038/s41467-017-02576-z
folP1,p.Thr53Ile,type=drug_resistance;drug=dapsone;literature=10.1038/s41467-017-02576-z
folP1,p.Thr53Arg,type=drug_resistance;drug=dapsone;literature=10.1038/s41467-017-02576-z
folP1,p.Thr53Ala,type=drug_resistance;drug=dapsone;literature=10.1016/j.cmi.2018.02.022
folP1,p.Thr53Val,type=drug_resistance;drug=dapsone;literature=10.1016/j.idnow.2022.04.001
gyrA,p.Ala91Val,type=drug_resistance;drug=fluoroquinolones;literature=10.1038/s41467-017-02576-z
gyrA,p.Ala91Thr,type=drug_resistance;drug=fluoroquinolones;literature=10.1016/j.idnow.2022.04.001
gyrA,p.Gly89Cys,type=drug_resistance;drug=fluoroquinolones;literature=10.1016/j.idnow.2022.04.001
